SET FOREIGN_KEY_CHECKS = 0;
TRUNCATE TABLE Account;
TRUNCATE TABLE Bus;
TRUNCATE TABLE ParkingSpace;
TRUNCATE TABLE Cleaning;
TRUNCATE TABLE Maintenance;
TRUNCATE TABLE AdHoc;
SET FOREIGN_KEY_CHECKS = 1;

INSERT INTO Account (AccountID, LoginCode, Password, Team, Name) VALUES
(1, 11111, 'Busdriver', 0, 'Barry Bus'),
(6, 11112, 'Busdriver', 0, 'Bob Busrijder'),
(2, 22222, 'Cleaner', 1, 'Polly Poets'),
(7, 22223, 'Cleaner', 1, 'Pomelien Poetsdoek'),
(3, 33333, 'Mechanic', 2, 'Miel Monteur'),
(8, 33334, 'Mechanic', 2, 'Micheal Meetsleutel'),
(4, 44444, 'Planner', 3, 'Plien Planner'),
(5, 55555, 'Admin', 4, 'Ad Admin');

INSERT INTO Bus VALUES
(1, 1, 85, 2, '2021-01-01 12:50:00', '2021-01-01 12:50:00', '2021-01-01 12:50:00', '2021-01-01 12:50:00'), 
(2, 2, 15, 2, '2021-01-01 12:50:00', '2021-01-01 12:50:00', '2021-04-02 12:50:00', '2021-01-01 12:50:00'), 
(3, 3, 24, 2, '2021-01-01 12:50:00', '2021-01-01 12:50:00', '2021-07-02 12:50:00', '2021-01-01 12:50:00'), 
(4, 4, 4, 2, '2021-01-08 12:50:00', '2021-01-01 12:50:00', '2021-10-01 12:50:00', '2021-01-01 12:50:00'),
(5, 5, 100, 2, '2021-01-08 12:50:00', '2021-01-01 12:50:00', '2021-01-08 12:50:00', '2021-01-08 12:50:00'),
(6, 6, 98, 2, '2021-01-15 12:50:00', '2021-01-01 12:50:00', '2021-04-09 12:50:00', '2021-01-08 12:50:00'),
(7, 7, 56, 2, '2021-01-15 12:50:00', '2021-01-01 12:50:00', '2021-07-09 12:50:00', '2021-01-08 12:50:00'),
(8, 8, 34, 2, '2021-01-02 12:50:00', '2021-01-02 12:50:00', '2021-10-08 12:50:00', '2021-01-08 12:50:00'),
(9, 9, 52, 2, '2021-01-02 12:50:00', '2021-01-02 12:50:00', '2021-01-15 12:50:00', '2021-01-15 12:50:00'),
(10, 10, 13, 2, '2021-01-09 12:50:00', '2021-01-02 12:50:00', '2021-04-16 12:50:00', '2021-01-15 12:50:00'),

(11, 11, 91, 2, '2021-01-09 12:50:00', '2021-01-02 12:50:00', '2021-07-16 12:50:00', '2021-01-15 12:50:00'),
(12, 12, 82, 2, '2021-01-16 12:50:00', '2021-01-02 12:50:00', '2021-10-15 12:50:00', '2021-01-15 12:50:00'),
(13, 13, 85, 2, '2021-01-16 12:50:00', '2021-01-02 12:50:00', '2021-01-22 12:50:00', '2021-01-22 12:50:00'), 
(14, 14, 15, 0, '2021-01-03 12:50:00', '2021-01-03 12:50:00', '2021-04-23 12:50:00', '2021-01-22 12:50:00'), 
(15, 15, 24, 2, '2021-01-03 12:50:00', '2021-01-03 12:50:00', '2021-07-23 12:50:00', '2021-01-22 12:50:00'), 
(16, 16, 4, 2, '2021-01-10 12:50:00', '2021-01-03 12:50:00', '2021-10-22 12:50:00', '2021-01-22 12:50:00'),
(17, 17, 100, 0, '2021-01-10 12:50:00', '2021-01-03 12:50:00', '2021-01-29 12:50:00', '2021-01-29 12:50:00'),
(18, 18, 98, 0, '2021-01-17 12:50:00', '2021-01-03 12:50:00', '2021-04-30 12:50:00', '2021-01-29 12:50:00'),
(19, 19, 56, 2, '2021-01-17 12:50:00', '2021-01-03 12:50:00', '2021-07-30 12:50:00', '2021-01-29 12:50:00'),
(20, 20, 34, 2, '2021-01-04 12:50:00', '2021-01-04 12:50:00', '2021-02-05 12:50:00', '2021-02-05 12:50:00'),

(21, 21, 52, 1, '2021-01-04 12:50:00', '2021-01-04 12:50:00', '2021-05-07 12:50:00', '2021-02-05 12:50:00'),
(22, 22, 13, 2, '2021-01-11 12:50:00', '2021-01-04 12:50:00', '2021-08-06 12:50:00', '2021-02-05 12:50:00'),
(23, 23, 91, 2, '2021-01-11 12:50:00', '2021-01-04 12:50:00', '2021-02-12 12:50:00', '2021-02-12 12:50:00'),
(24, 24, 82, 2, '2021-01-18 12:50:00', '2021-01-04 12:50:00', '2021-05-14 12:50:00', '2021-02-12 12:50:00'),
(25, 25, 85, 2, '2021-01-18 12:50:00', '2021-01-04 12:50:00', '2021-08-13 12:50:00', '2021-02-12 12:50:00'), 
(26, 26, 15, 2, '2021-01-05 12:50:00', '2021-01-05 12:50:00', '2021-02-19 12:50:00', '2021-02-19 12:50:00'), 
(27, 27, 24, 1, '2021-01-05 12:50:00', '2021-01-05 12:50:00', '2021-05-21 12:50:00', '2021-02-19 12:50:00'), 
(28, 28, 4, 2, '2021-01-12 12:50:00', '2021-01-05 12:50:00', '2021-08-20 12:50:00', '2021-02-19 12:50:00'),
(29, 29, 100, 1, '2021-01-12 12:50:00', '2021-01-05 12:50:00', '2021-02-26 12:50:00', '2021-02-26 12:50:00'),
(30, 30, 98, 2, '2021-01-19 12:50:00', '2021-01-05 12:50:00', '2021-05-28 12:50:00', '2021-02-26 12:50:00'),

(31, 31, 56, 2, '2021-01-19 12:50:00', '2021-01-05 12:50:00', '2021-08-27 12:50:00', '2021-02-26 12:50:00'),
(32, 32, 34, 2, '2021-01-06 12:50:00', '2021-01-06 12:50:00', '2021-03-05 12:50:00', '2021-03-05 12:50:00'),
(33, 33, 52, 2, '2021-01-06 12:50:00', '2021-01-06 12:50:00', '2021-06-04 12:50:00', '2021-03-05 12:50:00'),
(34, 34, 13, 2, '2021-01-13 12:50:00', '2021-01-06 12:50:00', '2021-09-03 12:50:00', '2021-03-05 12:50:00'),
(35, 35, 91, 2, '2021-01-13 12:50:00', '2021-01-06 12:50:00', '2021-03-12 12:50:00', '2021-03-12 12:50:00'),
(36, 36, 82, 2, '2021-01-20 12:50:00', '2021-01-06 12:50:00', '2021-06-11 12:50:00', '2021-03-12 12:50:00'),
(37, 37, 85, 2, '2021-01-20 12:50:00', '2021-01-06 12:50:00', '2021-09-10 12:50:00', '2021-03-12 12:50:00'), 
(38, 38, 15, 2, '2021-01-07 12:50:00', '2021-01-07 12:50:00', '2021-03-19 12:50:00', '2021-03-19 12:50:00'), 
(39, 39, 24, 2, '2021-01-07 12:50:00', '2021-01-07 12:50:00', '2021-06-18 12:50:00', '2021-03-19 12:50:00'), 
(40, 40, 4, 2, '2021-01-14 12:50:00', '2021-01-07 12:50:00', '2021-09-17 12:50:00', '2021-03-19 12:50:00'),
(41, 41, 100, 2, '2021-01-14 12:50:00', '2021-01-07 12:50:00', '2021-03-26 12:50:00', '2021-03-26 12:50:00'),
(42, 42, 98, 2, '2021-01-21 12:50:00', '2021-01-07 12:50:00', '2021-06-25 12:50:00', '2021-03-26 12:50:00'),
(43, 43, 56, 2, '2021-01-21 12:50:00', '2021-01-07 12:50:00', '2021-09-24 12:50:00', '2021-03-26 12:50:00');

INSERT INTO ParkingSpace (BusID, Number, Type, Occupied) VALUES
(1, 1, 0, true),
(2, 2, 0, true),
(3, 3, 0, true),
(4, 4, 0, true),
(5, 5, 0, true),
(6, 6, 0, true),
(7, 7, 0, true),
(8, 8, 0, true),
(9, 9, 0, true),
(10, 10, 0, true),
(11, 11, 0, true),
(12, 12, 0, true),
(13, 13, 0, true),
(0, 14, 0, false),
(15, 15, 0, true),
(16, 16, 0, true),
(0, 17, 0, false),
(0, 18, 0, false),
(19, 19, 0, true),
(20, 20, 0, true),
(21, 21, 0, true),
(22, 22, 0, true),
(23, 23, 0, true),
(24, 24, 0, true),
(25, 25, 0, true),
(26, 26, 0, true),
(27, 27, 0, true),
(28, 28, 0, true),
(0, 1, 1, false),
(0, 2, 1, false),
(0, 3, 1, false),
(0, 4, 1, false),
(0, 5, 1, false),
(0, 6, 1, false),
(0, 7, 1, false),
(0, 8, 1, false),
(0, 9, 1, false),
(0, 10, 1, false),
(0, 11, 1, false),
(0, 12, 1, false),
(0, 13, 1, false),
(0, 14, 1, false),
(0, 15, 1, false),
(0, 16, 1, false),
(0, 17, 1, false),
(0, 18, 1, false),
(0, 19, 1, false),
(0, 20, 1, false),
(29, 1, 2, true),
(30, 2, 2, true),
(31, 3, 2, true),
(32, 4, 2, true),
(33, 5, 2, true),
(34, 6, 2, true),
(35, 7, 2, true),
(36, 8, 2, true),
(37, 9, 2, true),
(38, 10, 2, true),
(39, 11, 2, true),
(40, 12, 2, true),
(41, 13, 2, true),
(42, 14, 2, true),
(43, 15, 2, true),
(0, 16, 2, false),
(0, 17, 2, false),
(0, 18, 2, false),
(0, 19, 2, false),
(0, 20, 2, false),
(0, 1, 3, false),
(0, 2, 3, false),
(0, 1, 4, false),
(0, 2, 4, false),
(14, 1, 5, true),
(17, 2, 5, true),
(18, 3, 5, true),
(0, 4, 5, false),
(0, 1, 6, false),
(0, 2, 6, false);

INSERT INTO Cleaning (CleaningID, BusID, CleanedBy, TimeCleaned, Type, Status) VALUES
(1, 17, 2, '2021-04-19 12:50:00', 1, 0),
(2, 23, 2, '2021-04-19 12:50:00', 1, 1),
(3, 37, 7, '2021-04-19 12:50:00', 1, 2);

INSERT INTO Maintenance (MaintenanceID, BusID, RepairedBy, TimeRepaired, Type, Status) VALUES
(1, 1, 3, '2021-04-19 12:50:00', 1, 2),
(2, 27, 8, '2021-06-10 12:50:00', 1, 1),
(3, 29, 8, '2021-06-10 12:50:00', 1, 0);

INSERT INTO AdHoc (AdHocID, BusID, AccountID, Type, Team, Description, TimeSubmitted, TimeDone) VALUES
(1, 09, 0, 0, 2, 'Motor start niet', '2021-04-17 12:50:00', '0001-01-01 00:00:01'),
(2, 12, 3, 1, 2, 'Botsing met paaltje', '2021-04-17 12:50:00', '2021-06-10 11:00:00'),
(3, 36, 0,3, 1, 'Graffiti op de linker zijkant', '2021-04-17 12:50:00', '0001-01-01 00:00:01'),
(4, 39, 2 ,4, 1, 'Onwel persoon op muur gekotst', '2021-04-17 12:50:00', '2021-06-10 11:00:00');